Kategori,Brand,Harga,Stok,Diskon (%),Status,Lokasi Gudang,Rating,Penjualan Bulanan,Online
Minuman,BrandC,717146,89,30,Tersedia,Surabaya,1,339,Tidak
Pakaian,BrandA,1429672,59,0,Tersedia,Surabaya,5,526,Ya
Minuman,BrandD,1797731,80,0,Tersedia,Bandung,3,184,Tidak
Pakaian,BrandA,815168,57,30,Tersedia,Bandung,4,692,Tidak
Pakaian,BrandB,888521,87,0,Tersedia,Jakarta,2,778,Ya
Pakaian,BrandC,986612,84,30,Tersedia,Bandung,1,607,Tidak
Elektronik,BrandD,1869118,8,20,Tersedia,Jakarta,4,398,Tidak
Makanan,BrandA,1348043,15,10,Tersedia,Bandung,4,533,Tidak
Elektronik,BrandC,55940,21,0,Tersedia,Jakarta,2,468,Tidak
Pakaian,BrandC,595585,22,30,Tersedia,Bandung,4,861,Ya
Makanan,BrandA,945215,1,20,Tersedia,Surabaya,1,475,Ya
Pakaian,BrandC,1727966,47,0,Tersedia,Surabaya,5,456,Ya
Pakaian,BrandC,1377968,56,20,Tersedia,Bandung,5,986,Ya
Makanan,BrandB,646370,70,10,Tersedia,Bandung,2,979,Tidak
Pakaian,BrandC,335503,47,30,Tersedia,Bandung,1,92,Tidak
Pakaian,BrandB,871029,42,30,Tersedia,Bandung,1,434,Ya
Pakaian,BrandC,1925372,69,30,Tersedia,Surabaya,2,327,Tidak
Makanan,BrandA,688893,11,0,Tersedia,Jakarta,3,297,Ya
Pakaian,BrandA,527496,31,30,Tersedia,Surabaya,3,801,Tidak
Elektronik,BrandD,1694407,28,30,Tersedia,Surabaya,2,226,Ya
Elektronik,BrandA,1656450,91,0,Tersedia,Surabaya,1,743,Tidak
Elektronik,BrandD,434300,81,30,Tersedia,Jakarta,3,730,Tidak
Makanan,BrandB,1245360,4,0,Tersedia,Surabaya,5,656,Ya
Minuman,BrandB,485719,47,10,Tersedia,Jakarta,5,127,Ya
Elektronik,BrandA,179614,28,0,Tersedia,Surabaya,2,675,Tidak
Pakaian,BrandD,667187,88,20,Tersedia,Bandung,3,116,Ya
Minuman,BrandA,1268721,96,20,Tersedia,Jakarta,3,854,Tidak
Pakaian,BrandD,94003,26,30,Tersedia,Bandung,3,335,Ya
Minuman,BrandB,1989203,66,20,Tersedia,Jakarta,5,878,Ya
Elektronik,BrandB,1690137,89,10,Tersedia,Bandung,5,510,Ya
Minuman,BrandB,833782,6,30,Tersedia,Surabaya,3,308,Tidak
Pakaian,BrandA,797334,11,30,Tersedia,Surabaya,2,815,Tidak
Elektronik,BrandB,772571,3,10,Tersedia,Surabaya,1,143,Tidak
Makanan,BrandD,1472932,86,30,Tersedia,Bandung,2,737,Tidak
Pakaian,BrandB,1481165,81,10,Tersedia,Surabaya,4,578,Tidak
Elektronik,BrandD,467223,67,0,Tersedia,Jakarta,1,143,Ya
Elektronik,BrandA,1802529,50,30,Tersedia,Bandung,5,786,Tidak
Makanan,BrandC,1813046,29,30,Tersedia,Bandung,2,308,Ya
Elektronik,BrandC,914985,16,0,Tersedia,Bandung,4,324,Tidak
Elektronik,BrandD,1332331,75,0,Tersedia,Bandung,4,485,Tidak
Elektronik,BrandB,1238262,12,10,Tersedia,Jakarta,4,661,Ya
Makanan,BrandC,153458,48,10,Tersedia,Bandung,1,666,Ya
Pakaian,BrandA,449494,4,30,Tersedia,Surabaya,3,494,Tidak
Minuman,BrandB,1644421,23,10,Tersedia,Bandung,3,731,Ya
Pakaian,BrandC,1527864,95,20,Tersedia,Bandung,4,223,Ya
Elektronik,BrandC,925509,38,0,Tersedia,Surabaya,2,980,Tidak
Minuman,BrandC,1030901,1,0,Tersedia,Bandung,2,544,Ya
Pakaian,BrandD,277098,11,20,Tersedia,Jakarta,2,687,Tidak
Elektronik,BrandA,1005250,46,20,Tersedia,Jakarta,1,258,Ya
Pakaian,BrandA,238445,3,10,Tersedia,Jakarta,5,308,Ya
Minuman,BrandC,307301,1,30,Tersedia,Surabaya,5,113,Tidak
Pakaian,BrandB,432731,93,10,Tersedia,Jakarta,3,513,Ya
Minuman,BrandC,963569,54,0,Tersedia,Bandung,1,894,Tidak
Pakaian,BrandB,432660,20,20,Tersedia,Jakarta,2,505,Ya
Elektronik,BrandC,1288407,23,10,Tersedia,Bandung,5,928,Ya
Pakaian,BrandA,1516711,5,30,Tersedia,Surabaya,3,934,Tidak
Pakaian,BrandD,950979,6,0,Tersedia,Bandung,4,333,Tidak
Makanan,BrandD,27924,13,10,Tersedia,Bandung,2,277,Tidak
Makanan,BrandC,743980,12,0,Tersedia,Bandung,1,300,Tidak
Pakaian,BrandD,191228,91,20,Tersedia,Jakarta,5,282,Tidak
Minuman,BrandA,511642,17,0,Tersedia,Bandung,5,851,Tidak
Elektronik,BrandC,135765,57,10,Tersedia,Bandung,1,907,Ya
Makanan,BrandD,766745,22,20,Tersedia,Jakarta,2,145,Ya
Minuman,BrandC,1680040,95,20,Tersedia,Jakarta,5,841,Tidak
Makanan,BrandB,985528,8,10,Tersedia,Jakarta,2,465,Tidak
Minuman,BrandA,696044,89,30,Tersedia,Jakarta,3,269,Ya
Minuman,BrandA,1982927,72,30,Tersedia,Bandung,4,320,Ya
Makanan,BrandD,1298532,64,0,Tersedia,Surabaya,5,707,Ya
Pakaian,BrandB,1096098,0,30,Habis,Bandung,3,248,Ya
Makanan,BrandB,536329,91,20,Tersedia,Surabaya,3,179,Tidak
Makanan,BrandB,1026028,92,10,Tersedia,Bandung,3,489,Ya
Pakaian,BrandA,1084967,69,10,Tersedia,Jakarta,2,286,Ya
Elektronik,BrandA,493754,48,30,Tersedia,Jakarta,2,250,Ya
Pakaian,BrandC,1409449,100,0,Tersedia,Surabaya,2,436,Tidak
Minuman,BrandD,1216238,58,0,Tersedia,Surabaya,3,168,Ya
Makanan,BrandC,1858835,62,20,Tersedia,Bandung,2,143,Ya
Minuman,BrandD,398184,24,0,Tersedia,Bandung,3,145,Ya
Elektronik,BrandC,1783748,74,0,Tersedia,Surabaya,2,611,Ya
Makanan,BrandB,1004792,41,0,Tersedia,Surabaya,3,308,Ya
Makanan,BrandD,497493,53,20,Tersedia,Surabaya,5,753,Tidak
Minuman,BrandD,1104365,27,30,Tersedia,Jakarta,5,108,Ya
Minuman,BrandD,1479141,32,20,Tersedia,Surabaya,4,824,Ya
Elektronik,BrandD,643127,23,10,Tersedia,Surabaya,1,109,Ya
Elektronik,BrandA,1313173,15,30,Tersedia,Jakarta,5,921,Ya
Pakaian,BrandD,1307395,32,20,Tersedia,Surabaya,5,113,Ya
Minuman,BrandD,781591,81,20,Tersedia,Surabaya,1,132,Ya
Makanan,BrandC,1782303,48,0,Tersedia,Surabaya,5,8,Tidak
Pakaian,BrandC,1044980,83,10,Tersedia,Bandung,5,811,Tidak
Makanan,BrandB,1782280,28,10,Tersedia,Jakarta,3,281,Tidak
Pakaian,BrandC,782843,21,20,Tersedia,Jakarta,5,297,Ya
Makanan,BrandB,141579,41,20,Tersedia,Surabaya,3,440,Ya
Makanan,BrandD,372603,9,0,Tersedia,Surabaya,1,312,Ya
Minuman,BrandD,1486400,54,20,Tersedia,Jakarta,1,665,Ya
Makanan,BrandC,311894,0,0,Habis,Bandung,4,487,Tidak
Makanan,BrandD,1135339,92,20,Tersedia,Surabaya,3,663,Tidak
Elektronik,BrandA,1938646,33,30,Tersedia,Jakarta,4,860,Tidak
Minuman,BrandB,1509442,65,10,Tersedia,Bandung,1,350,Ya
Minuman,BrandD,682358,85,20,Tersedia,Jakarta,4,10,Ya
Elektronik,BrandC,1719119,71,30,Tersedia,Bandung,1,857,Tidak
Pakaian,BrandB,525879,92,30,Tersedia,Jakarta,4,768,Ya
Makanan,BrandC,692317,88,20,Tersedia,Surabaya,3,120,Ya
Minuman,BrandA,727187,94,20,Tersedia,Jakarta,1,118,Ya
Elektronik,BrandC,1036312,23,10,Tersedia,Surabaya,5,456,Tidak
Elektronik,BrandC,231994,68,20,Tersedia,Bandung,4,824,Ya
Makanan,BrandA,499755,11,0,Tersedia,Bandung,1,712,Ya
Pakaian,BrandD,1779922,36,30,Tersedia,Jakarta,2,172,Ya
Makanan,BrandD,764531,0,0,Habis,Jakarta,2,750,Tidak
Pakaian,BrandB,964833,51,20,Tersedia,Surabaya,5,927,Tidak
Minuman,BrandD,269745,28,0,Tersedia,Surabaya,5,132,Ya
Minuman,BrandD,1437628,12,30,Tersedia,Bandung,4,734,Ya
Makanan,BrandA,1412225,22,20,Tersedia,Jakarta,2,633,Ya
Elektronik,BrandA,1364769,22,20,Tersedia,Bandung,1,248,Tidak
Minuman,BrandC,1469190,79,10,Tersedia,Jakarta,2,549,Ya
Makanan,BrandA,170662,82,0,Tersedia,Jakarta,1,145,Ya
Minuman,BrandA,1637623,19,20,Tersedia,Surabaya,4,587,Ya
Minuman,BrandC,1373816,41,30,Tersedia,Jakarta,3,260,Ya
Makanan,BrandD,1509903,31,30,Tersedia,Surabaya,2,86,Tidak
Minuman,BrandA,212280,48,20,Tersedia,Jakarta,2,893,Tidak
Pakaian,BrandA,1640666,99,10,Tersedia,Bandung,2,683,Tidak
Minuman,BrandD,267034,39,30,Tersedia,Jakarta,4,23,Tidak
Makanan,BrandA,1386817,68,0,Tersedia,Jakarta,2,941,Ya
Makanan,BrandC,471355,98,0,Tersedia,Bandung,1,580,Ya
Minuman,BrandD,1379782,87,10,Tersedia,Jakarta,5,347,Ya
Elektronik,BrandC,767531,63,30,Tersedia,Surabaya,3,552,Ya
Minuman,BrandC,1913427,82,0,Tersedia,Jakarta,5,922,Tidak
Minuman,BrandB,1986806,18,10,Tersedia,Jakarta,2,615,Tidak
Makanan,BrandC,1970340,54,30,Tersedia,Bandung,1,430,Ya
Minuman,BrandA,1731135,53,0,Tersedia,Surabaya,2,122,Ya
Elektronik,BrandA,545322,43,10,Tersedia,Jakarta,4,955,Tidak
Minuman,BrandA,862251,7,10,Tersedia,Jakarta,5,54,Ya
Pakaian,BrandD,720508,19,0,Tersedia,Surabaya,3,425,Ya
Minuman,BrandC,301264,47,30,Tersedia,Bandung,3,346,Ya
Minuman,BrandD,700789,58,10,Tersedia,Surabaya,2,704,Tidak
Minuman,BrandD,1583827,19,10,Tersedia,Jakarta,2,243,Ya
Makanan,BrandA,1158449,17,0,Tersedia,Bandung,1,566,Tidak
Minuman,BrandB,1296720,98,10,Tersedia,Bandung,3,123,Ya
Makanan,BrandC,126771,12,20,Tersedia,Jakarta,5,699,Tidak
Minuman,BrandB,532363,76,10,Tersedia,Bandung,4,894,Ya
Pakaian,BrandC,144146,21,30,Tersedia,Surabaya,3,753,Ya
Minuman,BrandA,1577531,18,10,Tersedia,Surabaya,5,399,Ya
Minuman,BrandC,582858,84,30,Tersedia,Surabaya,2,92,Ya
Minuman,BrandD,215523,37,20,Tersedia,Bandung,5,577,Tidak
Makanan,BrandB,1562291,53,10,Tersedia,Jakarta,1,656,Tidak
Elektronik,BrandB,1757104,62,20,Tersedia,Bandung,2,514,Tidak
Minuman,BrandB,585628,11,0,Tersedia,Surabaya,1,764,Tidak
Makanan,BrandA,1209875,24,0,Tersedia,Jakarta,2,949,Ya
Pakaian,BrandB,1251564,39,0,Tersedia,Jakarta,3,311,Tidak
Pakaian,BrandB,1794498,92,20,Tersedia,Surabaya,2,918,Tidak
Minuman,BrandB,1396640,32,10,Tersedia,Jakarta,2,520,Ya
Makanan,BrandB,670593,89,0,Tersedia,Jakarta,5,163,Tidak
Minuman,BrandC,864012,69,0,Tersedia,Surabaya,5,819,Tidak
Pakaian,BrandA,1751851,39,0,Tersedia,Jakarta,4,393,Tidak
Pakaian,BrandC,264172,76,0,Tersedia,Jakarta,2,585,Ya
Minuman,BrandB,456930,55,0,Tersedia,Jakarta,3,221,Tidak
Pakaian,BrandC,1425286,15,0,Tersedia,Bandung,4,960,Tidak
Elektronik,BrandC,1882852,15,10,Tersedia,Jakarta,5,355,Ya
Pakaian,BrandC,1893044,81,30,Tersedia,Jakarta,3,23,Ya
Makanan,BrandB,1101497,54,30,Tersedia,Surabaya,1,1000,Tidak
Minuman,BrandD,1402430,43,20,Tersedia,Surabaya,4,353,Tidak
Makanan,BrandC,1063362,88,20,Tersedia,Jakarta,5,47,Tidak
Pakaian,BrandC,1848002,98,30,Tersedia,Jakarta,5,911,Ya
Minuman,BrandB,1547074,53,0,Tersedia,Bandung,3,620,Tidak
Pakaian,BrandB,48727,81,20,Tersedia,Bandung,4,117,Ya
Minuman,BrandC,737628,27,10,Tersedia,Jakarta,5,163,Tidak
Elektronik,BrandA,647531,97,20,Tersedia,Jakarta,5,573,Ya
Makanan,BrandB,999148,52,10,Tersedia,Bandung,2,1000,Tidak
Pakaian,BrandD,1112143,41,10,Tersedia,Jakarta,5,319,Tidak
Minuman,BrandB,1172982,89,10,Tersedia,Bandung,5,487,Tidak
Makanan,BrandB,1304296,16,20,Tersedia,Surabaya,2,662,Tidak
Minuman,BrandB,149227,59,20,Tersedia,Jakarta,1,856,Ya
Makanan,BrandA,75885,12,20,Tersedia,Jakarta,3,962,Ya
Pakaian,BrandD,367996,97,30,Tersedia,Jakarta,3,191,Ya
Makanan,BrandC,1103241,23,10,Tersedia,Jakarta,5,631,Ya
Pakaian,BrandC,1624259,43,30,Tersedia,Jakarta,2,655,Ya
Minuman,BrandC,1832227,46,20,Tersedia,Jakarta,2,36,Tidak
Pakaian,BrandD,1566666,27,30,Tersedia,Jakarta,3,468,Ya
Minuman,BrandB,754484,14,30,Tersedia,Jakarta,2,883,Tidak
Elektronik,BrandB,1434122,46,0,Tersedia,Jakarta,3,392,Tidak
Makanan,BrandA,1139548,2,20,Tersedia,Bandung,1,922,Ya
Makanan,BrandD,460155,66,20,Tersedia,Jakarta,5,766,Tidak
Minuman,BrandD,1368264,82,10,Tersedia,Surabaya,4,375,Tidak
Elektronik,BrandD,1713311,40,20,Tersedia,Jakarta,3,543,Tidak
Makanan,BrandD,1169113,72,30,Tersedia,Surabaya,1,579,Ya
Minuman,BrandD,688511,34,10,Tersedia,Surabaya,2,19,Ya
Makanan,BrandB,139940,4,30,Tersedia,Jakarta,1,109,Ya
Pakaian,BrandB,1366872,23,10,Tersedia,Jakarta,4,185,Tidak
Makanan,BrandB,1594334,74,20,Tersedia,Surabaya,1,291,Ya
Makanan,BrandC,1595667,36,20,Tersedia,Surabaya,4,219,Ya
Makanan,BrandD,789423,29,20,Tersedia,Surabaya,4,241,Tidak
Minuman,BrandB,248865,7,0,Tersedia,Bandung,3,637,Ya
Elektronik,BrandD,1857685,9,30,Tersedia,Jakarta,3,212,Ya
Elektronik,BrandA,1396754,71,30,Tersedia,Surabaya,4,125,Tidak
Makanan,BrandA,237390,3,20,Tersedia,Bandung,2,684,Tidak
Makanan,BrandB,754079,60,0,Tersedia,Surabaya,4,443,Ya
Makanan,BrandA,721752,4,10,Tersedia,Jakarta,3,740,Ya
Elektronik,BrandA,1257306,7,30,Tersedia,Surabaya,2,175,Ya
Elektronik,BrandA,15076,13,30,Tersedia,Bandung,1,485,Tidak
Minuman,BrandC,738476,6,0,Tersedia,Jakarta,3,662,Tidak
Minuman,BrandD,810572,91,20,Tersedia,Surabaya,5,537,Ya
Elektronik,BrandB,1482944,16,30,Tersedia,Surabaya,1,709,Ya
Makanan,BrandB,337644,2,30,Tersedia,Jakarta,3,262,Ya
Makanan,BrandC,110476,28,0,Tersedia,Bandung,5,430,Tidak
Makanan,BrandD,1932881,23,10,Tersedia,Jakarta,2,426,Ya
Minuman,BrandC,1954727,3,30,Tersedia,Jakarta,2,467,Ya
Pakaian,BrandB,180402,5,20,Tersedia,Jakarta,5,203,Ya
Elektronik,BrandB,1719475,0,0,Habis,Surabaya,5,691,Ya
Makanan,BrandC,456206,7,30,Tersedia,Surabaya,1,180,Ya
Pakaian,BrandD,1013685,17,20,Tersedia,Bandung,4,867,Ya
Minuman,BrandB,1372010,57,0,Tersedia,Surabaya,1,485,Tidak
Elektronik,BrandC,1588877,98,0,Tersedia,Jakarta,4,771,Ya
Minuman,BrandB,948702,17,30,Tersedia,Jakarta,3,415,Ya
Minuman,BrandC,1214331,93,0,Tersedia,Surabaya,5,191,Ya
Makanan,BrandD,1521096,49,0,Tersedia,Surabaya,1,904,Tidak
Elektronik,BrandC,1048745,53,10,Tersedia,Surabaya,3,306,Tidak
Elektronik,BrandC,1779131,76,0,Tersedia,Surabaya,3,70,Ya
Elektronik,BrandD,1329737,10,10,Tersedia,Surabaya,4,630,Tidak
Makanan,BrandC,561150,52,30,Tersedia,Surabaya,1,590,Tidak
Minuman,BrandB,1297398,15,10,Tersedia,Jakarta,5,245,Ya
Makanan,BrandA,1171576,63,10,Tersedia,Bandung,5,122,Tidak
Minuman,BrandA,375601,97,0,Tersedia,Surabaya,2,255,Ya
Minuman,BrandB,944699,22,0,Tersedia,Surabaya,4,141,Tidak
Makanan,BrandC,591438,82,30,Tersedia,Surabaya,4,795,Tidak
Minuman,BrandB,1408243,28,10,Tersedia,Bandung,4,680,Ya
Pakaian,BrandB,875711,0,10,Habis,Surabaya,1,96,Ya
Elektronik,BrandC,1346992,33,20,Tersedia,Jakarta,4,174,Tidak
Minuman,BrandA,574107,7,20,Tersedia,Surabaya,3,176,Ya
Makanan,BrandB,1505593,31,30,Tersedia,Jakarta,4,228,Ya
Minuman,BrandA,776054,0,30,Habis,Surabaya,1,702,Ya
Pakaian,BrandB,1609164,48,20,Tersedia,Jakarta,1,980,Ya
Pakaian,BrandA,1503446,94,30,Tersedia,Surabaya,4,959,Tidak
Elektronik,BrandC,1414364,36,0,Tersedia,Bandung,4,553,Tidak
Minuman,BrandD,242817,72,10,Tersedia,Bandung,4,45,Tidak
Pakaian,BrandA,976861,47,0,Tersedia,Jakarta,5,243,Ya
Minuman,BrandD,1700315,62,10,Tersedia,Surabaya,3,701,Tidak
Elektronik,BrandA,598529,67,30,Tersedia,Surabaya,2,612,Tidak
Elektronik,BrandA,1108062,64,20,Tersedia,Surabaya,1,981,Ya
Makanan,BrandB,1429560,100,10,Tersedia,Jakarta,2,44,Ya
Elektronik,BrandB,1864949,95,20,Tersedia,Bandung,1,551,Tidak
Minuman,BrandA,1988012,34,20,Tersedia,Surabaya,3,953,Ya
Minuman,BrandB,559289,4,30,Tersedia,Surabaya,5,870,Ya
Elektronik,BrandA,429939,48,10,Tersedia,Surabaya,4,22,Ya
Makanan,BrandB,996064,91,20,Tersedia,Jakarta,2,909,Ya
Pakaian,BrandC,958086,2,10,Tersedia,Jakarta,1,915,Ya
Minuman,BrandA,1077354,32,0,Tersedia,Bandung,3,9,Ya
Minuman,BrandB,1880681,35,30,Tersedia,Bandung,1,85,Ya
Pakaian,BrandD,606735,2,10,Tersedia,Surabaya,4,452,Tidak
Minuman,BrandD,1932246,49,30,Tersedia,Bandung,3,426,Tidak
Pakaian,BrandB,1516100,50,20,Tersedia,Jakarta,2,604,Tidak
Pakaian,BrandC,451781,5,0,Tersedia,Bandung,1,149,Ya
Minuman,BrandC,1589416,6,10,Tersedia,Surabaya,3,200,Ya
Minuman,BrandA,1570754,3,0,Tersedia,Jakarta,2,411,Tidak
Makanan,BrandD,1935257,14,10,Tersedia,Bandung,4,789,Tidak
Elektronik,BrandB,413293,86,10,Tersedia,Jakarta,3,707,Ya
Elektronik,BrandD,1996890,64,30,Tersedia,Jakarta,5,23,Ya
Minuman,BrandB,1925398,5,30,Tersedia,Bandung,1,280,Ya
Pakaian,BrandB,1531383,15,30,Tersedia,Jakarta,3,776,Tidak
Minuman,BrandA,1596721,95,10,Tersedia,Jakarta,4,97,Tidak
Minuman,BrandD,1262321,28,0,Tersedia,Surabaya,3,264,Tidak
Elektronik,BrandC,1236093,37,10,Tersedia,Jakarta,5,982,Tidak
Makanan,BrandD,930634,34,20,Tersedia,Bandung,1,118,Ya
Elektronik,BrandA,1378497,42,0,Tersedia,Surabaya,5,297,Tidak
Minuman,BrandA,324707,73,0,Tersedia,Bandung,5,620,Tidak
Pakaian,BrandD,1191230,37,0,Tersedia,Bandung,3,786,Ya
Elektronik,BrandA,1570047,93,0,Tersedia,Jakarta,4,120,Tidak
Pakaian,BrandD,1107134,11,20,Tersedia,Bandung,4,782,Tidak
Makanan,BrandB,481828,87,30,Tersedia,Bandung,5,575,Ya
Makanan,BrandD,805227,57,10,Tersedia,Jakarta,1,392,Ya
Elektronik,BrandA,1263097,63,30,Tersedia,Bandung,4,514,Ya
Pakaian,BrandB,111170,92,30,Tersedia,Surabaya,4,798,Tidak
Makanan,BrandA,912954,4,10,Tersedia,Bandung,2,903,Tidak
Minuman,BrandD,601929,74,30,Tersedia,Bandung,4,981,Ya
Minuman,BrandA,544104,78,30,Tersedia,Bandung,4,846,Ya
Makanan,BrandA,626148,3,20,Tersedia,Surabaya,2,566,Tidak
Pakaian,BrandB,1278006,87,30,Tersedia,Jakarta,2,876,Tidak
Makanan,BrandC,1234500,17,0,Tersedia,Bandung,5,105,Ya
Pakaian,BrandC,436582,94,30,Tersedia,Bandung,4,928,Ya
Elektronik,BrandB,1374080,100,20,Tersedia,Bandung,3,577,Ya
Elektronik,BrandD,577248,50,0,Tersedia,Surabaya,2,409,Ya
Pakaian,BrandB,1744692,94,20,Tersedia,Jakarta,1,639,Ya
Pakaian,BrandA,606333,73,10,Tersedia,Jakarta,5,329,Ya
Pakaian,BrandC,1637739,66,20,Tersedia,Bandung,1,254,Ya
Makanan,BrandC,1038427,19,0,Tersedia,Surabaya,1,997,Tidak
Minuman,BrandC,772207,84,30,Tersedia,Bandung,4,587,Ya
Elektronik,BrandA,1823595,10,30,Tersedia,Surabaya,2,215,Tidak
Makanan,BrandD,994216,43,10,Tersedia,Jakarta,3,176,Ya
Minuman,BrandB,72971,35,10,Tersedia,Surabaya,3,218,Ya
Makanan,BrandA,679883,44,10,Tersedia,Bandung,4,460,Ya
Minuman,BrandD,222620,89,10,Tersedia,Jakarta,4,508,Ya
Minuman,BrandA,1270364,42,0,Tersedia,Jakarta,1,53,Ya
Minuman,BrandC,1804700,83,20,Tersedia,Jakarta,3,131,Tidak
Elektronik,BrandA,14881,67,0,Tersedia,Jakarta,5,743,Ya
Elektronik,BrandB,1637126,64,10,Tersedia,Surabaya,5,683,Tidak
Minuman,BrandA,1599354,15,30,Tersedia,Jakarta,4,196,Tidak
Elektronik,BrandB,1301433,23,20,Tersedia,Bandung,2,391,Tidak
Minuman,BrandC,1482961,79,20,Tersedia,Bandung,5,975,Tidak
Minuman,BrandD,1913028,74,0,Tersedia,Jakarta,1,280,Tidak
Elektronik,BrandA,1988616,18,30,Tersedia,Jakarta,5,797,Ya
Pakaian,BrandA,1206950,40,20,Tersedia,Bandung,1,908,Tidak
Elektronik,BrandA,1860452,9,20,Tersedia,Bandung,4,219,Tidak
Pakaian,BrandD,669663,37,10,Tersedia,Jakarta,1,719,Tidak
Pakaian,BrandC,415231,60,10,Tersedia,Surabaya,1,380,Ya
Elektronik,BrandC,812316,1,10,Tersedia,Surabaya,3,545,Ya
Makanan,BrandB,1526600,61,30,Tersedia,Bandung,2,368,Ya
Pakaian,BrandB,1545436,69,30,Tersedia,Jakarta,5,489,Ya
Makanan,BrandC,783303,48,0,Tersedia,Surabaya,5,993,Tidak
Pakaian,BrandC,1678366,3,0,Tersedia,Surabaya,2,652,Tidak
Makanan,BrandD,1547685,78,30,Tersedia,Jakarta,5,642,Ya
Pakaian,BrandA,218362,66,0,Tersedia,Surabaya,5,518,Ya
Makanan,BrandA,703556,65,0,Tersedia,Bandung,2,564,Ya
Makanan,BrandA,1454957,0,0,Habis,Jakarta,1,252,Tidak
Elektronik,BrandA,102258,78,0,Tersedia,Bandung,1,401,Tidak
Elektronik,BrandA,288664,53,0,Tersedia,Jakarta,5,141,Tidak
Elektronik,BrandD,873156,10,20,Tersedia,Surabaya,5,933,Ya
Pakaian,BrandD,1977933,53,30,Tersedia,Bandung,4,459,Ya
Elektronik,BrandB,1887651,90,30,Tersedia,Surabaya,3,905,Tidak
Pakaian,BrandD,570235,48,30,Tersedia,Bandung,3,497,Tidak
Pakaian,BrandD,702936,95,0,Tersedia,Surabaya,1,283,Tidak
Pakaian,BrandA,878705,71,10,Tersedia,Jakarta,3,383,Ya
Makanan,BrandB,1400507,20,0,Tersedia,Jakarta,2,712,Tidak
Pakaian,BrandA,68206,9,0,Tersedia,Jakarta,4,766,Tidak
Minuman,BrandB,1691123,62,20,Tersedia,Bandung,2,213,Ya
Pakaian,BrandB,72354,26,10,Tersedia,Bandung,2,425,Tidak
Minuman,BrandB,1591545,90,10,Tersedia,Jakarta,2,160,Tidak
Pakaian,BrandA,74460,55,20,Tersedia,Surabaya,2,697,Tidak
Elektronik,BrandC,485838,30,20,Tersedia,Surabaya,2,131,Tidak
Pakaian,BrandD,1089865,94,10,Tersedia,Surabaya,2,239,Ya
Elektronik,BrandC,381002,14,10,Tersedia,Surabaya,5,768,Ya
Elektronik,BrandD,1251102,8,10,Tersedia,Surabaya,3,82,Tidak
Pakaian,BrandA,1757982,84,20,Tersedia,Jakarta,1,977,Ya
Pakaian,BrandC,1013073,89,0,Tersedia,Surabaya,2,783,Tidak
Minuman,BrandA,1860999,97,10,Tersedia,Jakarta,2,469,Ya
Makanan,BrandB,508688,100,20,Tersedia,Jakarta,2,554,Ya
Elektronik,BrandB,1628327,56,30,Tersedia,Bandung,5,596,Tidak
Elektronik,BrandB,143318,88,10,Tersedia,Jakarta,1,948,Ya
Minuman,BrandD,153581,0,30,Habis,Bandung,4,444,Tidak
Makanan,BrandD,101199,18,30,Tersedia,Bandung,1,503,Tidak
Pakaian,BrandD,78967,16,20,Tersedia,Bandung,3,651,Ya
Minuman,BrandB,1328197,96,10,Tersedia,Surabaya,5,848,Ya
Elektronik,BrandA,1395052,6,30,Tersedia,Bandung,2,193,Ya
Minuman,BrandA,598654,65,20,Tersedia,Bandung,4,923,Tidak
Elektronik,BrandB,1588000,33,0,Tersedia,Bandung,3,363,Ya
Elektronik,BrandD,820256,7,10,Tersedia,Jakarta,5,766,Ya
Pakaian,BrandC,1635252,5,30,Tersedia,Bandung,2,158,Ya
Elektronik,BrandA,1022349,7,30,Tersedia,Jakarta,4,614,Ya
Elektronik,BrandB,1978916,63,30,Tersedia,Surabaya,2,160,Ya
Minuman,BrandD,85324,22,10,Tersedia,Bandung,4,57,Tidak
Minuman,BrandC,1121190,31,0,Tersedia,Bandung,4,700,Tidak
Elektronik,BrandB,1424921,94,30,Tersedia,Bandung,1,649,Tidak
Elektronik,BrandB,1144775,68,10,Tersedia,Surabaya,3,886,Ya
Elektronik,BrandD,1894526,89,0,Tersedia,Surabaya,3,829,Tidak
Minuman,BrandA,1274066,64,10,Tersedia,Jakarta,2,39,Ya
Minuman,BrandB,260316,90,10,Tersedia,Bandung,5,867,Tidak
Makanan,BrandD,474874,26,10,Tersedia,Jakarta,5,341,Ya
Elektronik,BrandD,1235874,25,0,Tersedia,Bandung,2,614,Tidak
Minuman,BrandC,1552640,66,30,Tersedia,Bandung,5,134,Tidak
Pakaian,BrandB,1907988,71,10,Tersedia,Bandung,1,957,Tidak
Elektronik,BrandD,487500,53,30,Tersedia,Bandung,4,41,Tidak
Pakaian,BrandD,1350520,89,0,Tersedia,Surabaya,4,279,Ya
Minuman,BrandD,259368,63,20,Tersedia,Jakarta,2,810,Ya
Elektronik,BrandC,1018196,99,10,Tersedia,Surabaya,5,148,Ya
Minuman,BrandB,772735,97,20,Tersedia,Bandung,2,262,Tidak
Elektronik,BrandC,1611049,67,20,Tersedia,Surabaya,3,371,Ya
Elektronik,BrandC,1333067,80,10,Tersedia,Jakarta,5,614,Ya
Elektronik,BrandC,526926,44,0,Tersedia,Jakarta,4,583,Tidak
Minuman,BrandA,71178,21,10,Tersedia,Jakarta,5,57,Tidak
Minuman,BrandA,1946093,82,30,Tersedia,Bandung,1,997,Ya
Minuman,BrandD,1736023,87,10,Tersedia,Surabaya,5,261,Ya
Pakaian,BrandC,973107,62,0,Tersedia,Jakarta,5,753,Tidak
Makanan,BrandC,1366483,26,0,Tersedia,Surabaya,3,206,Tidak
Makanan,BrandB,1405444,75,0,Tersedia,Jakarta,4,507,Ya
Minuman,BrandB,1995473,59,20,Tersedia,Bandung,1,222,Ya
Makanan,BrandA,593457,6,20,Tersedia,Jakarta,2,597,Tidak
Makanan,BrandD,1461104,76,30,Tersedia,Surabaya,5,325,Tidak
Makanan,BrandA,167647,41,30,Tersedia,Bandung,4,853,Tidak
Elektronik,BrandA,1384570,18,20,Tersedia,Bandung,2,890,Tidak
Elektronik,BrandD,1545078,83,30,Tersedia,Bandung,4,1000,Ya
Makanan,BrandD,628134,13,30,Tersedia,Jakarta,2,348,Tidak
Pakaian,BrandB,1715957,19,20,Tersedia,Jakarta,1,253,Ya
Elektronik,BrandB,1528301,17,10,Tersedia,Bandung,5,125,Tidak
Pakaian,BrandA,1049724,76,20,Tersedia,Bandung,3,453,Tidak
Makanan,BrandA,985650,67,10,Tersedia,Bandung,1,531,Ya
Makanan,BrandB,669578,84,0,Tersedia,Jakarta,4,435,Ya
Makanan,BrandC,359036,94,20,Tersedia,Surabaya,3,661,Tidak
Pakaian,BrandD,1500011,83,20,Tersedia,Jakarta,4,474,Ya
Pakaian,BrandA,643179,98,0,Tersedia,Surabaya,5,808,Tidak
Minuman,BrandA,1702334,38,30,Tersedia,Bandung,5,100,Tidak
Elektronik,BrandD,33181,53,10,Tersedia,Surabaya,4,241,Tidak
Elektronik,BrandD,535256,100,10,Tersedia,Bandung,5,483,Ya
Minuman,BrandB,1585012,31,10,Tersedia,Bandung,1,871,Tidak
Pakaian,BrandC,1525223,79,10,Tersedia,Bandung,1,420,Ya
Minuman,BrandC,525833,78,0,Tersedia,Bandung,4,256,Tidak
Elektronik,BrandB,545568,19,20,Tersedia,Bandung,4,974,Ya
Makanan,BrandC,675976,81,0,Tersedia,Bandung,3,163,Ya
Minuman,BrandC,625285,35,20,Tersedia,Surabaya,1,570,Tidak
Makanan,BrandD,1639075,59,10,Tersedia,Bandung,5,280,Tidak
Makanan,BrandA,204150,39,30,Tersedia,Bandung,4,128,Ya
Minuman,BrandD,1343616,25,30,Tersedia,Bandung,1,916,Ya
Minuman,BrandD,1904437,38,20,Tersedia,Surabaya,1,117,Ya
Pakaian,BrandB,1464174,57,30,Tersedia,Jakarta,4,588,Ya
Makanan,BrandD,1566101,31,10,Tersedia,Jakarta,3,317,Tidak
Elektronik,BrandA,709064,87,0,Tersedia,Jakarta,4,267,Ya
Minuman,BrandC,714072,14,20,Tersedia,Jakarta,2,7,Ya
Pakaian,BrandC,1863673,80,0,Tersedia,Jakarta,5,190,Tidak
Pakaian,BrandC,224565,63,20,Tersedia,Surabaya,2,233,Ya
Minuman,BrandD,842949,55,20,Tersedia,Bandung,3,634,Ya
Makanan,BrandD,653256,98,20,Tersedia,Jakarta,3,491,Tidak
Makanan,BrandC,796520,22,30,Tersedia,Jakarta,1,690,Tidak
Minuman,BrandD,400820,33,10,Tersedia,Jakarta,2,169,Ya
Makanan,BrandC,10408,78,0,Tersedia,Bandung,3,258,Ya
Minuman,BrandC,1559898,41,10,Tersedia,Surabaya,3,676,Ya
Pakaian,BrandB,1955984,48,10,Tersedia,Jakarta,4,833,Tidak
Elektronik,BrandD,1966728,74,0,Tersedia,Surabaya,4,445,Ya
Minuman,BrandB,1047543,25,10,Tersedia,Bandung,1,810,Tidak
Elektronik,BrandD,443811,31,10,Tersedia,Surabaya,1,738,Tidak
Pakaian,BrandD,1535297,19,30,Tersedia,Jakarta,1,954,Ya
Elektronik,BrandB,1885919,83,10,Tersedia,Surabaya,2,19,Tidak
Pakaian,BrandC,1638681,15,30,Tersedia,Jakarta,1,914,Tidak
Pakaian,BrandD,324747,79,10,Tersedia,Bandung,2,375,Tidak
Makanan,BrandB,1100756,83,20,Tersedia,Surabaya,1,64,Tidak
Minuman,BrandB,1499191,46,10,Tersedia,Jakarta,5,627,Ya
Pakaian,BrandC,1501221,19,30,Tersedia,Surabaya,1,728,Ya
Pakaian,BrandD,886798,63,10,Tersedia,Surabaya,5,520,Ya
Elektronik,BrandA,500210,16,10,Tersedia,Jakarta,3,204,Tidak
Makanan,BrandC,1547350,74,20,Tersedia,Jakarta,5,598,Ya
Minuman,BrandC,70513,34,20,Tersedia,Jakarta,4,679,Ya
Makanan,BrandC,1309924,51,30,Tersedia,Surabaya,2,283,Tidak
Elektronik,BrandA,459661,38,30,Tersedia,Jakarta,5,391,Tidak
Elektronik,BrandB,1034895,56,10,Tersedia,Bandung,3,930,Ya
Elektronik,BrandB,918233,88,20,Tersedia,Bandung,3,427,Tidak
Makanan,BrandD,313657,88,20,Tersedia,Surabaya,2,177,Tidak
Minuman,BrandC,1243558,50,30,Tersedia,Jakarta,3,781,Tidak
Makanan,BrandA,321235,12,10,Tersedia,Bandung,5,599,Ya
Minuman,BrandC,1937230,83,10,Tersedia,Jakarta,4,695,Tidak
Pakaian,BrandA,472240,93,0,Tersedia,Surabaya,1,518,Tidak
Elektronik,BrandD,1595845,66,0,Tersedia,Bandung,5,469,Ya
Elektronik,BrandB,687479,36,0,Tersedia,Bandung,2,1000,Ya
Pakaian,BrandB,164504,80,30,Tersedia,Bandung,3,993,Tidak
Pakaian,BrandD,1932488,93,30,Tersedia,Jakarta,4,372,Tidak
Pakaian,BrandB,1243435,50,0,Tersedia,Jakarta,2,42,Ya
Elektronik,BrandC,176355,92,10,Tersedia,Surabaya,2,242,Tidak
Pakaian,BrandB,1041848,20,20,Tersedia,Jakarta,4,745,Tidak
Minuman,BrandD,1886078,98,20,Tersedia,Surabaya,5,59,Tidak
Makanan,BrandA,1597065,76,0,Tersedia,Bandung,5,736,Ya
Pakaian,BrandC,1664836,71,30,Tersedia,Jakarta,3,833,Tidak
Minuman,BrandB,1191193,74,30,Tersedia,Bandung,3,992,Tidak
Makanan,BrandB,1225854,40,30,Tersedia,Jakarta,4,308,Tidak
Makanan,BrandA,846383,23,0,Tersedia,Bandung,3,701,Ya
Elektronik,BrandB,471954,75,20,Tersedia,Jakarta,4,409,Ya
Minuman,BrandD,461096,28,20,Tersedia,Bandung,5,846,Tidak
Pakaian,BrandC,1802247,59,0,Tersedia,Bandung,5,845,Tidak
Makanan,BrandD,631312,60,0,Tersedia,Jakarta,2,650,Ya
Pakaian,BrandC,1701446,38,10,Tersedia,Bandung,4,838,Tidak
Minuman,BrandA,846612,36,30,Tersedia,Surabaya,5,155,Tidak
Pakaian,BrandD,681347,70,0,Tersedia,Surabaya,4,795,Tidak
Makanan,BrandB,1879194,99,20,Tersedia,Jakarta,4,75,Ya
Elektronik,BrandB,1214057,87,0,Tersedia,Jakarta,1,84,Tidak
Minuman,BrandB,34716,33,30,Tersedia,Jakarta,3,280,Ya
Elektronik,BrandD,850907,12,0,Tersedia,Bandung,2,118,Ya
Elektronik,BrandA,64959,63,10,Tersedia,Jakarta,4,205,Tidak
Pakaian,BrandA,163066,78,10,Tersedia,Bandung,4,236,Tidak
Pakaian,BrandA,1406091,60,30,Tersedia,Jakarta,3,339,Ya
Makanan,BrandD,445592,31,10,Tersedia,Bandung,2,842,Tidak
Makanan,BrandB,389100,32,10,Tersedia,Surabaya,4,791,Tidak
Elektronik,BrandA,1541059,51,0,Tersedia,Bandung,5,92,Ya
Makanan,BrandC,1458269,50,30,Tersedia,Jakarta,2,623,Tidak
Elektronik,BrandB,1881633,71,10,Tersedia,Bandung,2,847,Ya
Elektronik,BrandA,1762788,86,0,Tersedia,Bandung,1,332,Tidak
Pakaian,BrandB,1236044,81,20,Tersedia,Surabaya,5,931,Ya
Minuman,BrandD,1365310,17,20,Tersedia,Surabaya,5,1,Tidak
Minuman,BrandB,99511,57,0,Tersedia,Surabaya,2,601,Tidak
Makanan,BrandB,123356,62,20,Tersedia,Bandung,5,345,Tidak
Pakaian,BrandC,27275,91,30,Tersedia,Bandung,1,681,Tidak
Minuman,BrandD,181922,35,20,Tersedia,Bandung,4,413,Tidak
Elektronik,BrandA,1220106,69,10,Tersedia,Jakarta,1,628,Ya
Makanan,BrandC,469221,9,0,Tersedia,Bandung,2,246,Tidak
Minuman,BrandA,1673391,36,0,Tersedia,Bandung,5,652,Tidak
Pakaian,BrandA,1452911,38,20,Tersedia,Surabaya,2,345,Tidak
Pakaian,BrandA,1211172,64,20,Tersedia,Jakarta,5,243,Ya
Minuman,BrandC,927446,26,10,Tersedia,Surabaya,5,617,Tidak
Makanan,BrandC,253503,36,10,Tersedia,Surabaya,5,705,Ya
Makanan,BrandB,1635645,80,20,Tersedia,Jakarta,1,962,Tidak
Pakaian,BrandC,954157,94,10,Tersedia,Bandung,5,591,Tidak
Elektronik,BrandD,401741,34,20,Tersedia,Jakarta,4,2,Ya
Minuman,BrandD,242377,29,30,Tersedia,Jakarta,1,974,Tidak
Pakaian,BrandB,1629093,91,10,Tersedia,Jakarta,5,682,Tidak
Minuman,BrandB,97449,82,0,Tersedia,Jakarta,4,485,Ya
Elektronik,BrandD,465865,8,10,Tersedia,Bandung,1,988,Tidak
Minuman,BrandD,1085380,73,0,Tersedia,Surabaya,4,477,Tidak
Elektronik,BrandB,85685,11,30,Tersedia,Jakarta,1,459,Tidak
Makanan,BrandA,1493690,55,10,Tersedia,Bandung,5,947,Tidak
Makanan,BrandD,468406,91,20,Tersedia,Surabaya,5,112,Tidak
Elektronik,BrandB,407368,49,30,Tersedia,Surabaya,1,610,Ya
Makanan,BrandB,259836,76,20,Tersedia,Surabaya,4,159,Ya
Minuman,BrandD,550399,67,0,Tersedia,Surabaya,2,283,Ya
Minuman,BrandB,573331,77,0,Tersedia,Surabaya,2,575,Tidak
Pakaian,BrandC,1374945,22,20,Tersedia,Bandung,4,953,Ya
Makanan,BrandD,1657877,3,30,Tersedia,Surabaya,4,888,Ya
Pakaian,BrandD,1168632,73,30,Tersedia,Bandung,4,766,Ya
Minuman,BrandB,43489,30,10,Tersedia,Bandung,5,317,Ya
Minuman,BrandB,623166,95,0,Tersedia,Bandung,2,147,Tidak
Minuman,BrandA,442796,18,0,Tersedia,Surabaya,1,332,Ya
Makanan,BrandA,1751414,95,20,Tersedia,Jakarta,4,411,Tidak
Minuman,BrandD,1613063,71,10,Tersedia,Bandung,3,781,Ya
Minuman,BrandD,676277,27,10,Tersedia,Bandung,3,734,Ya
Makanan,BrandC,582971,82,10,Tersedia,Bandung,1,828,Ya
Makanan,BrandD,1692777,22,20,Tersedia,Bandung,5,365,Ya
Makanan,BrandC,974634,34,10,Tersedia,Jakarta,5,278,Ya
Elektronik,BrandD,931059,76,30,Tersedia,Surabaya,2,269,Tidak
Elektronik,BrandD,1165471,12,10,Tersedia,Bandung,1,579,Ya
Pakaian,BrandD,53418,22,30,Tersedia,Bandung,2,347,Tidak
Pakaian,BrandC,485932,27,0,Tersedia,Jakarta,2,740,Ya
Pakaian,BrandB,319456,68,30,Tersedia,Jakarta,1,486,Tidak
Makanan,BrandA,1933852,3,20,Tersedia,Jakarta,1,357,Tidak
Elektronik,BrandA,1666967,37,30,Tersedia,Jakarta,2,221,Ya
Makanan,BrandD,1850493,38,20,Tersedia,Surabaya,2,33,Ya
Makanan,BrandD,1329236,69,10,Tersedia,Jakarta,1,589,Tidak
Pakaian,BrandC,1401668,20,20,Tersedia,Jakarta,1,591,Tidak
Pakaian,BrandA,1371656,61,20,Tersedia,Bandung,2,425,Ya
Pakaian,BrandB,1913922,54,0,Tersedia,Jakarta,4,223,Ya
Elektronik,BrandA,62105,42,0,Tersedia,Bandung,4,554,Tidak
Makanan,BrandB,156017,67,20,Tersedia,Jakarta,2,218,Tidak
Makanan,BrandA,1994493,38,20,Tersedia,Bandung,1,589,Tidak
Pakaian,BrandD,530125,25,10,Tersedia,Surabaya,4,180,Ya
Pakaian,BrandA,783449,49,30,Tersedia,Surabaya,1,399,Ya
Makanan,BrandB,1197811,88,0,Tersedia,Jakarta,4,357,Tidak
Minuman,BrandC,959373,41,10,Tersedia,Jakarta,1,289,Ya
Makanan,BrandA,195114,76,10,Tersedia,Surabaya,3,82,Ya
Elektronik,BrandD,1622145,17,0,Tersedia,Surabaya,2,72,Ya
Elektronik,BrandA,362397,60,0,Tersedia,Surabaya,4,87,Ya
Minuman,BrandD,1463474,31,10,Tersedia,Bandung,5,121,Tidak
Minuman,BrandA,496248,16,30,Tersedia,Surabaya,5,235,Tidak
Makanan,BrandA,869500,51,0,Tersedia,Surabaya,2,138,Tidak
Pakaian,BrandC,663325,67,10,Tersedia,Jakarta,2,912,Tidak
Elektronik,BrandC,1069074,51,20,Tersedia,Bandung,1,957,Tidak
Minuman,BrandA,468499,57,10,Tersedia,Jakarta,5,503,Tidak
Elektronik,BrandB,1629309,85,10,Tersedia,Bandung,5,55,Tidak
Minuman,BrandC,1692888,82,10,Tersedia,Bandung,1,369,Tidak
Minuman,BrandB,1552959,85,20,Tersedia,Surabaya,2,261,Tidak
Pakaian,BrandA,919184,85,20,Tersedia,Bandung,2,881,Ya
Minuman,BrandA,956268,64,0,Tersedia,Surabaya,1,168,Tidak
Pakaian,BrandC,382503,89,0,Tersedia,Jakarta,5,725,Ya
Pakaian,BrandD,335611,100,10,Tersedia,Jakarta,4,648,Tidak
Makanan,BrandB,1895747,4,20,Tersedia,Jakarta,1,661,Tidak
Minuman,BrandB,1415050,87,10,Tersedia,Jakarta,1,908,Tidak
Minuman,BrandB,563512,94,30,Tersedia,Surabaya,1,590,Tidak
Pakaian,BrandC,1530228,51,0,Tersedia,Jakarta,1,74,Ya
Elektronik,BrandC,1061606,71,30,Tersedia,Bandung,1,129,Tidak
Pakaian,BrandC,625878,57,10,Tersedia,Bandung,1,186,Tidak
Elektronik,BrandA,1023848,44,10,Tersedia,Jakarta,4,294,Ya
Minuman,BrandC,1382376,39,10,Tersedia,Surabaya,3,165,Ya
Pakaian,BrandC,1427743,57,10,Tersedia,Jakarta,5,96,Tidak
Pakaian,BrandC,790924,28,0,Tersedia,Bandung,3,431,Ya
Pakaian,BrandB,250540,17,10,Tersedia,Jakarta,1,577,Ya
Minuman,BrandA,1452888,10,20,Tersedia,Surabaya,4,546,Ya
Makanan,BrandB,661780,67,30,Tersedia,Surabaya,1,254,Tidak
Pakaian,BrandC,889889,35,0,Tersedia,Jakarta,4,84,Ya
Makanan,BrandC,1705770,20,10,Tersedia,Jakarta,1,419,Ya
Elektronik,BrandC,667715,16,0,Tersedia,Jakarta,1,121,Tidak
Makanan,BrandC,1054450,27,20,Tersedia,Jakarta,2,221,Ya
Pakaian,BrandC,1688422,83,30,Tersedia,Bandung,1,865,Ya
Makanan,BrandB,1769971,66,10,Tersedia,Jakarta,5,314,Tidak
Elektronik,BrandA,1824135,7,0,Tersedia,Bandung,4,830,Ya
Makanan,BrandA,1149078,92,0,Tersedia,Jakarta,1,798,Ya
Makanan,BrandA,651182,48,30,Tersedia,Jakarta,2,64,Ya
Makanan,BrandC,610344,79,20,Tersedia,Surabaya,3,916,Ya
Elektronik,BrandB,72874,60,10,Tersedia,Jakarta,4,947,Ya
Pakaian,BrandA,474762,24,30,Tersedia,Bandung,1,13,Tidak
Pakaian,BrandA,714566,63,30,Tersedia,Bandung,5,152,Tidak
Pakaian,BrandB,1620212,47,0,Tersedia,Surabaya,2,599,Tidak
Pakaian,BrandA,984348,61,10,Tersedia,Jakarta,2,638,Tidak
Pakaian,BrandB,1015941,98,30,Tersedia,Surabaya,5,366,Ya
Makanan,BrandB,694216,41,20,Tersedia,Jakarta,4,405,Ya
Pakaian,BrandC,769672,34,10,Tersedia,Jakarta,5,502,Tidak
Minuman,BrandC,741477,93,20,Tersedia,Bandung,3,409,Ya
Minuman,BrandB,1042998,6,30,Tersedia,Bandung,4,844,Tidak
Minuman,BrandC,747749,78,0,Tersedia,Surabaya,4,902,Ya
Minuman,BrandD,408595,84,20,Tersedia,Surabaya,3,788,Ya
Makanan,BrandA,1286296,25,0,Tersedia,Jakarta,2,116,Tidak
Minuman,BrandD,1888148,17,0,Tersedia,Bandung,4,369,Ya
Elektronik,BrandB,1710676,3,30,Tersedia,Surabaya,2,875,Ya
Pakaian,BrandB,1775200,65,0,Tersedia,Jakarta,2,49,Tidak
Pakaian,BrandB,1846853,32,0,Tersedia,Surabaya,3,330,Ya
Elektronik,BrandD,989428,14,10,Tersedia,Surabaya,2,943,Ya
Makanan,BrandD,533119,38,30,Tersedia,Surabaya,5,506,Ya
Minuman,BrandD,764002,83,0,Tersedia,Surabaya,4,788,Ya
Makanan,BrandB,1795398,29,10,Tersedia,Surabaya,2,196,Tidak
Elektronik,BrandB,320942,50,20,Tersedia,Jakarta,5,713,Tidak
Pakaian,BrandA,1343907,76,0,Tersedia,Bandung,4,616,Ya
Makanan,BrandA,1458354,59,10,Tersedia,Jakarta,1,777,Ya
Makanan,BrandB,1401385,16,0,Tersedia,Jakarta,3,349,Tidak
Elektronik,BrandA,787218,23,10,Tersedia,Bandung,3,11,Tidak
Minuman,BrandB,334429,4,10,Tersedia,Surabaya,1,760,Tidak
Makanan,BrandA,1229767,20,20,Tersedia,Surabaya,4,230,Ya
Pakaian,BrandA,845276,55,20,Tersedia,Jakarta,5,957,Tidak
Elektronik,BrandC,323508,73,0,Tersedia,Bandung,4,137,Tidak
Makanan,BrandB,667057,14,20,Tersedia,Bandung,3,735,Tidak
Elektronik,BrandD,1820469,66,10,Tersedia,Bandung,3,315,Tidak
Minuman,BrandB,14662,5,20,Tersedia,Surabaya,3,992,Ya
Elektronik,BrandD,1948037,3,20,Tersedia,Surabaya,3,486,Ya
Pakaian,BrandB,180216,84,30,Tersedia,Surabaya,2,508,Tidak
Elektronik,BrandB,237568,28,20,Tersedia,Surabaya,1,61,Ya
Minuman,BrandA,116046,86,20,Tersedia,Bandung,3,974,Tidak
Makanan,BrandD,937708,90,30,Tersedia,Bandung,5,181,Tidak
Pakaian,BrandD,1191610,24,20,Tersedia,Surabaya,4,221,Tidak
Minuman,BrandC,1851287,45,0,Tersedia,Surabaya,2,29,Ya
Makanan,BrandD,512348,60,0,Tersedia,Jakarta,3,723,Tidak
Makanan,BrandA,36041,87,10,Tersedia,Bandung,1,151,Ya
Minuman,BrandC,834161,18,20,Tersedia,Jakarta,4,409,Tidak
Minuman,BrandD,1428614,2,30,Tersedia,Surabaya,3,496,Ya
Elektronik,BrandD,994517,7,20,Tersedia,Jakarta,1,622,Tidak
Minuman,BrandA,1843756,46,0,Tersedia,Surabaya,3,357,Tidak
Makanan,BrandB,691763,76,0,Tersedia,Bandung,1,100,Tidak
Minuman,BrandC,1283714,51,0,Tersedia,Surabaya,4,714,Ya
Elektronik,BrandD,1814078,83,20,Tersedia,Jakarta,3,301,Ya
Elektronik,BrandB,122712,10,30,Tersedia,Bandung,1,530,Tidak
Pakaian,BrandD,1585501,9,30,Tersedia,Bandung,2,300,Ya
Makanan,BrandB,419592,84,30,Tersedia,Surabaya,2,562,Tidak
Minuman,BrandC,1685372,94,0,Tersedia,Jakarta,1,587,Tidak
Elektronik,BrandB,1383356,56,10,Tersedia,Bandung,1,230,Tidak
Elektronik,BrandA,1543876,92,10,Tersedia,Jakarta,5,777,Ya
Makanan,BrandB,1601158,82,20,Tersedia,Surabaya,2,771,Tidak
Makanan,BrandC,1637623,19,30,Tersedia,Surabaya,1,494,Tidak
Elektronik,BrandC,332452,70,30,Tersedia,Surabaya,3,745,Ya
Makanan,BrandA,745035,3,20,Tersedia,Jakarta,1,447,Ya
Minuman,BrandA,1089870,50,30,Tersedia,Jakarta,1,157,Tidak
Elektronik,BrandB,1909477,5,20,Tersedia,Surabaya,3,248,Ya
Makanan,BrandD,257823,74,10,Tersedia,Jakarta,3,299,Ya
Makanan,BrandD,867056,80,20,Tersedia,Jakarta,3,400,Tidak
Elektronik,BrandB,1705446,90,10,Tersedia,Jakarta,5,40,Ya
Elektronik,BrandC,1461480,33,20,Tersedia,Bandung,3,515,Tidak
Minuman,BrandB,212360,58,0,Tersedia,Bandung,1,10,Tidak
Elektronik,BrandA,34635,7,10,Tersedia,Jakarta,5,394,Tidak
Minuman,BrandA,749804,12,30,Tersedia,Bandung,4,822,Tidak
Minuman,BrandA,1400629,9,20,Tersedia,Jakarta,3,908,Tidak
Elektronik,BrandA,1355528,36,20,Tersedia,Bandung,3,763,Ya
Elektronik,BrandC,186010,70,20,Tersedia,Bandung,2,123,Tidak
Minuman,BrandA,1859730,36,10,Tersedia,Bandung,1,769,Ya
Minuman,BrandA,1287550,44,30,Tersedia,Jakarta,5,867,Ya
Elektronik,BrandA,867622,39,10,Tersedia,Bandung,4,769,Ya
Minuman,BrandA,1198077,100,10,Tersedia,Jakarta,2,885,Ya
Pakaian,BrandC,1657105,84,0,Tersedia,Jakarta,4,710,Tidak
Elektronik,BrandD,1815636,73,0,Tersedia,Jakarta,3,912,Ya
Makanan,BrandA,1369715,59,0,Tersedia,Jakarta,5,595,Tidak
Pakaian,BrandA,716684,47,30,Tersedia,Jakarta,2,758,Tidak
Elektronik,BrandA,753586,68,30,Tersedia,Surabaya,1,842,Tidak
Makanan,BrandB,217756,81,30,Tersedia,Jakarta,1,799,Ya
Makanan,BrandB,743849,22,10,Tersedia,Bandung,2,368,Tidak
Minuman,BrandC,1550384,36,10,Tersedia,Jakarta,2,662,Tidak
Elektronik,BrandC,1717374,27,20,Tersedia,Jakarta,1,572,Ya
Minuman,BrandB,751991,39,20,Tersedia,Surabaya,2,726,Tidak
Makanan,BrandA,1232317,44,20,Tersedia,Bandung,5,372,Tidak
Pakaian,BrandD,439374,73,30,Tersedia,Jakarta,3,51,Tidak
Minuman,BrandD,1466844,48,30,Tersedia,Bandung,5,467,Tidak
Makanan,BrandB,488810,12,30,Tersedia,Jakarta,4,978,Ya
Elektronik,BrandC,1362212,63,0,Tersedia,Jakarta,1,749,Tidak
Elektronik,BrandA,1125069,39,0,Tersedia,Jakarta,4,585,Tidak
Makanan,BrandA,127598,97,30,Tersedia,Surabaya,3,765,Tidak
Makanan,BrandD,853171,58,20,Tersedia,Jakarta,2,465,Tidak
Minuman,BrandA,1882814,34,0,Tersedia,Bandung,4,44,Ya
Makanan,BrandB,390333,73,20,Tersedia,Bandung,1,139,Ya
Minuman,BrandC,1980251,63,30,Tersedia,Jakarta,3,890,Ya
Pakaian,BrandD,1982163,88,30,Tersedia,Jakarta,5,92,Ya
Pakaian,BrandD,1358760,55,0,Tersedia,Jakarta,1,13,Ya
Elektronik,BrandA,1264797,50,20,Tersedia,Jakarta,2,355,Ya
Minuman,BrandA,85200,23,10,Tersedia,Surabaya,2,388,Tidak
Elektronik,BrandB,1605939,27,0,Tersedia,Bandung,5,790,Tidak
Elektronik,BrandA,263759,40,30,Tersedia,Jakarta,3,31,Tidak
Pakaian,BrandD,1342667,59,30,Tersedia,Jakarta,3,989,Tidak
Pakaian,BrandD,82821,41,10,Tersedia,Bandung,5,580,Tidak
Makanan,BrandC,442227,74,30,Tersedia,Bandung,3,816,Tidak
Makanan,BrandB,83299,62,10,Tersedia,Jakarta,4,961,Tidak
Minuman,BrandD,482821,6,10,Tersedia,Surabaya,1,274,Tidak
Elektronik,BrandD,1064892,63,0,Tersedia,Jakarta,4,250,Tidak
Elektronik,BrandB,1750039,87,30,Tersedia,Jakarta,1,534,Ya
Elektronik,BrandC,209095,74,20,Tersedia,Jakarta,4,736,Ya
Pakaian,BrandD,692815,46,30,Tersedia,Bandung,3,893,Ya
Makanan,BrandC,462768,85,20,Tersedia,Jakarta,4,554,Ya
Minuman,BrandD,1515469,76,0,Tersedia,Bandung,4,833,Ya
Elektronik,BrandB,1098518,77,10,Tersedia,Surabaya,1,974,Ya
Pakaian,BrandA,1254841,96,20,Tersedia,Surabaya,3,251,Tidak
Elektronik,BrandC,1954976,11,0,Tersedia,Bandung,3,178,Tidak
Makanan,BrandC,574377,72,20,Tersedia,Bandung,2,371,Ya
Makanan,BrandB,1270224,89,20,Tersedia,Surabaya,5,41,Tidak
Minuman,BrandC,1771925,57,10,Tersedia,Jakarta,1,387,Tidak
Minuman,BrandC,506002,12,20,Tersedia,Bandung,5,383,Tidak
Pakaian,BrandD,403307,74,30,Tersedia,Bandung,4,115,Tidak
Minuman,BrandD,268823,7,10,Tersedia,Jakarta,1,711,Ya
Elektronik,BrandC,1641608,12,30,Tersedia,Bandung,4,568,Ya
Pakaian,BrandC,1273835,62,0,Tersedia,Bandung,4,298,Tidak
Elektronik,BrandC,158809,34,30,Tersedia,Jakarta,3,920,Ya
Pakaian,BrandB,588618,26,10,Tersedia,Jakarta,5,285,Ya
Minuman,BrandA,730827,92,20,Tersedia,Bandung,3,498,Tidak
Minuman,BrandA,1450736,1,0,Tersedia,Bandung,3,522,Ya
Minuman,BrandD,1423500,31,20,Tersedia,Surabaya,1,312,Ya
Makanan,BrandD,1484860,86,30,Tersedia,Bandung,4,395,Ya
Pakaian,BrandC,122795,49,0,Tersedia,Bandung,1,220,Tidak
Pakaian,BrandC,539633,90,0,Tersedia,Bandung,5,485,Ya
Elektronik,BrandD,1836890,12,20,Tersedia,Bandung,1,418,Ya
Makanan,BrandD,1151306,16,10,Tersedia,Jakarta,2,315,Ya
Pakaian,BrandA,1404968,22,20,Tersedia,Surabaya,5,358,Ya
Elektronik,BrandD,90957,35,10,Tersedia,Jakarta,1,454,Tidak
Minuman,BrandC,316537,52,30,Tersedia,Surabaya,1,2,Ya
Elektronik,BrandC,391706,31,10,Tersedia,Bandung,1,698,Tidak
Makanan,BrandD,1496373,99,0,Tersedia,Jakarta,2,51,Tidak
Makanan,BrandD,825054,77,30,Tersedia,Jakarta,5,331,Ya
Makanan,BrandA,1959394,3,20,Tersedia,Jakarta,2,742,Tidak
Elektronik,BrandB,1505898,3,10,Tersedia,Surabaya,4,570,Tidak
Elektronik,BrandA,34469,28,0,Tersedia,Bandung,3,231,Tidak
Minuman,BrandA,1459121,5,30,Tersedia,Bandung,2,597,Ya
Pakaian,BrandA,1818201,50,10,Tersedia,Bandung,5,161,Tidak
Elektronik,BrandD,1199077,13,10,Tersedia,Bandung,3,101,Ya
Minuman,BrandC,1428760,93,30,Tersedia,Bandung,2,54,Tidak
Pakaian,BrandC,1362657,55,0,Tersedia,Bandung,5,633,Ya
Pakaian,BrandD,1245095,10,30,Tersedia,Bandung,1,879,Tidak
Minuman,BrandA,529211,16,20,Tersedia,Bandung,4,755,Tidak
Elektronik,BrandC,321617,3,10,Tersedia,Jakarta,1,339,Tidak
Minuman,BrandD,603967,7,30,Tersedia,Jakarta,4,513,Tidak
Minuman,BrandA,1022378,31,30,Tersedia,Jakarta,3,453,Tidak
Elektronik,BrandD,623586,46,0,Tersedia,Bandung,2,566,Ya
Pakaian,BrandD,815687,37,30,Tersedia,Jakarta,1,771,Ya
Elektronik,BrandC,336350,87,20,Tersedia,Jakarta,2,515,Tidak
Elektronik,BrandB,904749,56,0,Tersedia,Surabaya,1,414,Tidak
Minuman,BrandC,1784157,1,0,Tersedia,Jakarta,2,793,Tidak
Minuman,BrandB,1743127,4,0,Tersedia,Jakarta,5,837,Ya
Minuman,BrandC,618045,67,0,Tersedia,Bandung,1,283,Ya
Elektronik,BrandA,347474,73,0,Tersedia,Bandung,5,797,Tidak
Makanan,BrandC,97502,94,30,Tersedia,Jakarta,1,892,Ya
Pakaian,BrandB,190770,73,0,Tersedia,Surabaya,2,221,Ya
Elektronik,BrandB,674278,45,30,Tersedia,Surabaya,5,550,Tidak
Elektronik,BrandD,1152475,59,10,Tersedia,Jakarta,2,693,Ya
Makanan,BrandA,1622368,96,20,Tersedia,Jakarta,4,54,Tidak
Minuman,BrandB,19935,72,10,Tersedia,Surabaya,4,766,Tidak
Minuman,BrandC,1796368,52,0,Tersedia,Surabaya,5,138,Ya
Elektronik,BrandD,480517,27,0,Tersedia,Surabaya,1,611,Ya
Elektronik,BrandA,1190582,92,10,Tersedia,Jakarta,5,225,Ya
Elektronik,BrandB,256211,32,0,Tersedia,Surabaya,2,713,Ya
Makanan,BrandD,1533086,53,20,Tersedia,Jakarta,1,669,Ya
Minuman,BrandC,1325205,20,20,Tersedia,Jakarta,3,203,Ya
Makanan,BrandC,1469446,86,20,Tersedia,Jakarta,3,295,Ya
Makanan,BrandD,148983,90,10,Tersedia,Surabaya,2,53,Tidak
Pakaian,BrandB,1061404,40,20,Tersedia,Surabaya,4,541,Ya
Elektronik,BrandD,1887307,46,10,Tersedia,Jakarta,2,740,Ya
Pakaian,BrandC,1927612,85,30,Tersedia,Bandung,1,414,Tidak
Pakaian,BrandA,1189849,66,20,Tersedia,Jakarta,1,660,Ya
Minuman,BrandD,359772,4,30,Tersedia,Jakarta,4,45,Ya
Makanan,BrandC,1721376,94,30,Tersedia,Surabaya,1,387,Tidak
Makanan,BrandB,247555,54,20,Tersedia,Bandung,4,468,Tidak
Makanan,BrandC,1447135,29,20,Tersedia,Jakarta,1,842,Ya
Makanan,BrandA,1878799,52,10,Tersedia,Surabaya,3,55,Ya
Elektronik,BrandC,684714,17,0,Tersedia,Surabaya,2,284,Tidak
Minuman,BrandA,333944,86,0,Tersedia,Jakarta,1,924,Tidak
Pakaian,BrandC,1170657,43,0,Tersedia,Bandung,5,327,Tidak
Pakaian,BrandB,1893111,53,0,Tersedia,Jakarta,1,218,Ya
Elektronik,BrandB,1650382,31,0,Tersedia,Jakarta,3,510,Ya
Elektronik,BrandD,416900,76,30,Tersedia,Surabaya,1,239,Tidak
Makanan,BrandB,1577684,67,10,Tersedia,Jakarta,3,198,Ya
Elektronik,BrandD,1407407,23,30,Tersedia,Surabaya,4,853,Tidak
Pakaian,BrandC,1716965,98,20,Tersedia,Bandung,1,58,Tidak
Elektronik,BrandD,814409,41,10,Tersedia,Jakarta,1,622,Tidak
Minuman,BrandD,1923211,9,30,Tersedia,Jakarta,3,475,Ya
Pakaian,BrandB,761696,97,20,Tersedia,Jakarta,2,390,Tidak
Minuman,BrandC,1027935,86,30,Tersedia,Bandung,3,640,Ya
Minuman,BrandA,635454,1,20,Tersedia,Jakarta,1,505,Ya
Makanan,BrandD,1608121,80,20,Tersedia,Jakarta,1,201,Ya
Makanan,BrandA,186304,74,10,Tersedia,Surabaya,1,190,Ya
Elektronik,BrandD,1012183,82,20,Tersedia,Surabaya,4,159,Ya
Makanan,BrandC,1252515,84,0,Tersedia,Bandung,4,57,Ya
Elektronik,BrandD,1119682,45,10,Tersedia,Surabaya,3,716,Ya
Makanan,BrandC,993525,80,30,Tersedia,Jakarta,4,435,Tidak
Elektronik,BrandA,876340,96,0,Tersedia,Surabaya,3,791,Tidak
Minuman,BrandA,78265,14,0,Tersedia,Jakarta,1,49,Ya
Elektronik,BrandC,1723722,49,0,Tersedia,Surabaya,2,940,Ya
Elektronik,BrandA,1311329,18,0,Tersedia,Surabaya,1,891,Tidak
Makanan,BrandD,667041,45,20,Tersedia,Jakarta,3,610,Tidak
Makanan,BrandA,1544781,39,30,Tersedia,Bandung,4,472,Ya
Minuman,BrandC,1453912,71,30,Tersedia,Bandung,5,735,Ya
Elektronik,BrandD,636905,12,10,Tersedia,Bandung,3,431,Tidak
Makanan,BrandD,1166636,69,0,Tersedia,Bandung,5,2,Ya
Elektronik,BrandB,548511,61,30,Tersedia,Jakarta,4,736,Tidak
Pakaian,BrandB,1958706,91,10,Tersedia,Surabaya,3,672,Tidak
Makanan,BrandB,1278599,84,0,Tersedia,Surabaya,3,172,Ya
Minuman,BrandB,1719798,50,30,Tersedia,Jakarta,4,565,Tidak
Pakaian,BrandB,1038993,43,10,Tersedia,Bandung,3,647,Ya
Minuman,BrandB,784815,89,20,Tersedia,Jakarta,1,985,Tidak
Makanan,BrandC,119370,68,20,Tersedia,Surabaya,1,636,Tidak
Makanan,BrandA,1205324,84,20,Tersedia,Bandung,3,433,Tidak
Makanan,BrandC,419860,42,30,Tersedia,Jakarta,5,701,Ya
Minuman,BrandB,215797,55,10,Tersedia,Bandung,2,666,Ya
Pakaian,BrandB,16436,96,10,Tersedia,Surabaya,2,593,Ya
Elektronik,BrandD,1812901,20,20,Tersedia,Bandung,4,649,Tidak
Minuman,BrandD,1496300,28,20,Tersedia,Surabaya,5,58,Ya
Makanan,BrandD,1310407,16,20,Tersedia,Jakarta,5,275,Ya
Pakaian,BrandC,654403,62,30,Tersedia,Bandung,2,148,Ya
Minuman,BrandB,700871,45,10,Tersedia,Jakarta,1,718,Ya
Makanan,BrandC,5126,4,0,Tersedia,Bandung,1,93,Ya
Pakaian,BrandA,1496279,28,0,Tersedia,Jakarta,1,795,Ya
Minuman,BrandA,1353296,73,30,Tersedia,Surabaya,2,770,Ya
Makanan,BrandB,375917,77,0,Tersedia,Jakarta,3,263,Tidak
Minuman,BrandD,772874,44,10,Tersedia,Surabaya,3,511,Ya
Makanan,BrandB,1508742,15,20,Tersedia,Bandung,2,151,Ya
Elektronik,BrandB,1049226,59,30,Tersedia,Jakarta,2,146,Tidak
Makanan,BrandB,1523651,29,0,Tersedia,Jakarta,1,663,Tidak
Elektronik,BrandD,1118248,29,0,Tersedia,Bandung,2,633,Tidak
Pakaian,BrandD,1671163,100,30,Tersedia,Jakarta,2,270,Tidak
Elektronik,BrandD,1857776,3,10,Tersedia,Jakarta,5,514,Ya
Makanan,BrandD,427974,77,30,Tersedia,Bandung,1,701,Ya
Makanan,BrandC,1505203,21,30,Tersedia,Jakarta,1,396,Tidak
Minuman,BrandC,116431,82,10,Tersedia,Bandung,4,400,Tidak
Pakaian,BrandA,419327,35,30,Tersedia,Jakarta,2,174,Ya
Pakaian,BrandD,608147,42,30,Tersedia,Jakarta,2,673,Tidak
Makanan,BrandD,1169842,48,30,Tersedia,Jakarta,5,338,Ya
Minuman,BrandB,1066232,45,30,Tersedia,Bandung,4,924,Ya
Makanan,BrandC,1006350,21,30,Tersedia,Surabaya,1,36,Ya
Pakaian,BrandA,1204936,86,20,Tersedia,Bandung,2,303,Ya
Makanan,BrandD,1588695,96,10,Tersedia,Bandung,5,503,Tidak
Minuman,BrandD,753107,53,20,Tersedia,Surabaya,2,963,Ya
Pakaian,BrandA,833027,43,20,Tersedia,Surabaya,1,616,Tidak
Minuman,BrandC,1313174,71,30,Tersedia,Surabaya,5,848,Ya
Makanan,BrandB,461496,81,10,Tersedia,Surabaya,5,162,Tidak
Makanan,BrandC,1162375,66,20,Tersedia,Jakarta,4,921,Ya
Minuman,BrandD,212855,23,0,Tersedia,Bandung,2,998,Ya
Minuman,BrandA,1513552,88,20,Tersedia,Surabaya,1,511,Tidak
Elektronik,BrandC,1949363,11,10,Tersedia,Surabaya,5,252,Ya
Pakaian,BrandB,666588,49,30,Tersedia,Bandung,5,297,Ya
Makanan,BrandA,739214,11,20,Tersedia,Surabaya,1,736,Ya
Makanan,BrandD,49151,43,0,Tersedia,Jakarta,2,938,Ya
Minuman,BrandA,694624,0,0,Habis,Surabaya,5,694,Ya
Makanan,BrandC,932827,81,0,Tersedia,Bandung,4,800,Tidak
Makanan,BrandC,33932,16,10,Tersedia,Surabaya,4,608,Tidak
Elektronik,BrandB,659335,83,0,Tersedia,Bandung,5,344,Tidak
Minuman,BrandB,1232153,37,0,Tersedia,Bandung,1,894,Ya
Minuman,BrandB,373899,86,0,Tersedia,Jakarta,1,822,Ya
Pakaian,BrandD,1294022,71,20,Tersedia,Bandung,4,731,Ya
Elektronik,BrandD,78520,70,0,Tersedia,Jakarta,5,581,Tidak
Makanan,BrandD,1070746,12,20,Tersedia,Bandung,4,43,Tidak
Elektronik,BrandC,1506178,98,0,Tersedia,Surabaya,5,138,Tidak
Makanan,BrandA,1783875,42,30,Tersedia,Surabaya,1,925,Tidak
Makanan,BrandC,170620,32,10,Tersedia,Surabaya,5,871,Ya
Pakaian,BrandC,1544139,12,30,Tersedia,Bandung,1,239,Ya
Minuman,BrandC,112171,29,10,Tersedia,Jakarta,1,867,Tidak
Elektronik,BrandA,17781,57,20,Tersedia,Surabaya,3,617,Tidak
Elektronik,BrandD,1511368,21,0,Tersedia,Bandung,1,625,Tidak
Makanan,BrandD,123021,52,0,Tersedia,Bandung,5,506,Tidak
Pakaian,BrandB,1371785,97,0,Tersedia,Bandung,2,13,Tidak
Pakaian,BrandD,1615231,66,30,Tersedia,Jakarta,3,134,Ya
Pakaian,BrandA,629046,45,10,Tersedia,Surabaya,3,805,Tidak
Pakaian,BrandD,1060755,33,0,Tersedia,Bandung,2,322,Tidak
Elektronik,BrandB,1977089,66,30,Tersedia,Bandung,1,800,Ya
Makanan,BrandA,1029842,12,30,Tersedia,Jakarta,4,654,Ya
Pakaian,BrandA,985508,54,20,Tersedia,Jakarta,3,641,Tidak
Minuman,BrandD,1670804,82,10,Tersedia,Bandung,4,834,Ya
Minuman,BrandB,1001579,65,30,Tersedia,Surabaya,2,311,Tidak
Makanan,BrandD,1587653,34,30,Tersedia,Surabaya,3,432,Ya
Elektronik,BrandA,1759708,95,20,Tersedia,Bandung,3,35,Tidak
Elektronik,BrandA,1392921,44,20,Tersedia,Bandung,2,564,Tidak
Makanan,BrandC,378402,57,30,Tersedia,Jakarta,3,859,Ya
Minuman,BrandA,668665,33,0,Tersedia,Surabaya,5,356,Tidak
Minuman,BrandC,855023,88,0,Tersedia,Jakarta,3,122,Ya
Minuman,BrandA,757780,27,20,Tersedia,Jakarta,2,230,Tidak
Elektronik,BrandA,1661566,87,20,Tersedia,Jakarta,2,222,Ya
Elektronik,BrandA,531053,72,30,Tersedia,Jakarta,2,178,Tidak
Pakaian,BrandB,542172,100,10,Tersedia,Surabaya,4,983,Ya
Elektronik,BrandD,1055018,49,0,Tersedia,Surabaya,1,657,Ya
Elektronik,BrandB,88923,86,20,Tersedia,Jakarta,1,711,Ya
Makanan,BrandC,1779330,88,30,Tersedia,Bandung,5,344,Ya
Makanan,BrandC,1256309,79,20,Tersedia,Surabaya,1,443,Tidak
Pakaian,BrandC,542608,94,10,Tersedia,Bandung,1,121,Ya
Elektronik,BrandB,1229065,92,20,Tersedia,Bandung,1,447,Ya
Pakaian,BrandC,197149,46,20,Tersedia,Bandung,5,487,Tidak
Pakaian,BrandD,1433374,83,30,Tersedia,Surabaya,2,303,Ya
Minuman,BrandA,1658522,45,20,Tersedia,Surabaya,1,456,Ya
Makanan,BrandD,1267381,95,10,Tersedia,Bandung,5,533,Ya
Minuman,BrandD,830598,10,20,Tersedia,Jakarta,4,696,Ya
Pakaian,BrandA,695404,47,20,Tersedia,Jakarta,3,301,Ya
Minuman,BrandD,1611158,93,10,Tersedia,Surabaya,3,266,Tidak
Pakaian,BrandA,1658703,22,30,Tersedia,Jakarta,5,769,Tidak
Pakaian,BrandA,812982,72,10,Tersedia,Bandung,2,186,Tidak
Elektronik,BrandA,1451363,94,10,Tersedia,Surabaya,2,611,Tidak
Minuman,BrandC,1936391,89,0,Tersedia,Jakarta,4,603,Ya
Pakaian,BrandD,136362,29,0,Tersedia,Jakarta,1,479,Tidak
Elektronik,BrandA,963699,52,30,Tersedia,Surabaya,3,909,Ya
Makanan,BrandD,89931,95,10,Tersedia,Surabaya,5,96,Ya
Elektronik,BrandD,884950,24,20,Tersedia,Surabaya,3,811,Tidak
Makanan,BrandD,1795419,58,10,Tersedia,Bandung,1,606,Ya
Elektronik,BrandA,1119417,56,0,Tersedia,Bandung,5,691,Tidak
Elektronik,BrandC,243123,91,20,Tersedia,Bandung,4,990,Tidak
Pakaian,BrandB,1590937,4,10,Tersedia,Surabaya,2,587,Tidak
Minuman,BrandB,168631,96,20,Tersedia,Jakarta,1,247,Ya
Pakaian,BrandC,721024,85,10,Tersedia,Bandung,3,40,Ya
Makanan,BrandC,709616,67,30,Tersedia,Surabaya,1,183,Ya
Makanan,BrandC,991087,73,20,Tersedia,Surabaya,3,654,Ya
Minuman,BrandD,1928402,24,20,Tersedia,Bandung,4,728,Tidak
Makanan,BrandC,1889369,31,10,Tersedia,Bandung,3,652,Tidak
Elektronik,BrandC,836044,63,20,Tersedia,Bandung,5,626,Ya
Minuman,BrandC,499150,32,0,Tersedia,Surabaya,2,63,Ya
Minuman,BrandB,1021650,68,10,Tersedia,Surabaya,2,409,Ya
Minuman,BrandC,19898,83,0,Tersedia,Surabaya,4,541,Tidak
Makanan,BrandA,503245,12,20,Tersedia,Surabaya,4,479,Ya
Minuman,BrandB,153142,76,0,Tersedia,Bandung,3,987,Ya
Makanan,BrandB,1408092,23,0,Tersedia,Jakarta,5,404,Tidak
Minuman,BrandC,1186328,89,10,Tersedia,Surabaya,2,360,Ya
Makanan,BrandC,1248076,60,30,Tersedia,Bandung,4,331,Ya
Makanan,BrandB,1591180,66,0,Tersedia,Surabaya,1,271,Ya
Pakaian,BrandA,665149,35,10,Tersedia,Surabaya,4,255,Tidak
Elektronik,BrandD,1824190,22,10,Tersedia,Bandung,2,702,Ya
Elektronik,BrandC,324031,57,0,Tersedia,Bandung,1,692,Tidak
Pakaian,BrandD,1666596,45,10,Tersedia,Bandung,5,11,Ya
Pakaian,BrandB,856978,81,30,Tersedia,Surabaya,4,262,Tidak
Pakaian,BrandA,164443,12,10,Tersedia,Jakarta,3,89,Ya
Minuman,BrandC,124238,49,10,Tersedia,Jakarta,4,63,Ya
Makanan,BrandC,1424866,100,0,Tersedia,Bandung,3,280,Tidak
Elektronik,BrandA,231094,100,10,Tersedia,Bandung,1,241,Tidak
Minuman,BrandC,985859,95,30,Tersedia,Jakarta,2,916,Ya
Pakaian,BrandB,1444988,2,20,Tersedia,Surabaya,2,454,Ya
Elektronik,BrandD,278737,23,10,Tersedia,Surabaya,5,395,Tidak
Elektronik,BrandA,725089,44,10,Tersedia,Bandung,3,44,Tidak
Pakaian,BrandA,1057576,31,10,Tersedia,Jakarta,5,484,Ya
Makanan,BrandB,1944143,10,0,Tersedia,Jakarta,4,942,Tidak
Makanan,BrandD,1590101,73,30,Tersedia,Jakarta,1,262,Tidak
Makanan,BrandA,791477,9,0,Tersedia,Surabaya,4,763,Ya
Minuman,BrandC,455446,65,0,Tersedia,Jakarta,4,284,Ya
Pakaian,BrandD,1639533,7,30,Tersedia,Jakarta,5,773,Tidak
Pakaian,BrandB,804461,49,20,Tersedia,Jakarta,4,38,Ya
Elektronik,BrandB,384377,76,0,Tersedia,Surabaya,4,601,Tidak
Makanan,BrandB,1517092,34,20,Tersedia,Jakarta,2,377,Tidak
Elektronik,BrandA,1882956,23,30,Tersedia,Jakarta,3,672,Ya
Elektronik,BrandD,1967508,72,20,Tersedia,Surabaya,2,564,Tidak
Makanan,BrandB,1938990,61,20,Tersedia,Bandung,3,184,Tidak
Pakaian,BrandC,643216,71,0,Tersedia,Bandung,3,431,Tidak
Elektronik,BrandD,1989280,48,30,Tersedia,Bandung,5,296,Ya
Pakaian,BrandA,1502111,11,20,Tersedia,Bandung,4,362,Ya
Makanan,BrandD,789331,40,0,Tersedia,Jakarta,2,255,Tidak
Pakaian,BrandD,409845,3,30,Tersedia,Surabaya,5,735,Ya
Elektronik,BrandC,1293285,46,20,Tersedia,Bandung,1,920,Ya
Pakaian,BrandA,1125243,89,30,Tersedia,Jakarta,3,965,Ya
Elektronik,BrandA,1267856,54,0,Tersedia,Surabaya,2,287,Tidak
Minuman,BrandB,994739,30,30,Tersedia,Bandung,1,695,Tidak
Minuman,BrandC,1043936,67,0,Tersedia,Surabaya,2,844,Ya
Minuman,BrandC,511728,40,0,Tersedia,Bandung,5,687,Ya
Minuman,BrandC,1280917,78,10,Tersedia,Jakarta,1,437,Tidak
Elektronik,BrandD,345625,59,20,Tersedia,Jakarta,3,951,Tidak
Pakaian,BrandB,973040,77,10,Tersedia,Surabaya,1,601,Ya
Pakaian,BrandC,875901,29,0,Tersedia,Jakarta,1,548,Tidak
Pakaian,BrandC,1358064,2,20,Tersedia,Surabaya,1,933,Tidak
Minuman,BrandA,584983,32,10,Tersedia,Jakarta,1,591,Ya
Elektronik,BrandD,1582621,54,30,Tersedia,Bandung,3,806,Tidak
Makanan,BrandD,1199274,91,20,Tersedia,Surabaya,3,38,Tidak
Elektronik,BrandA,1049521,71,20,Tersedia,Bandung,2,235,Ya
Makanan,BrandD,183744,91,0,Tersedia,Surabaya,2,759,Tidak
Minuman,BrandA,1739931,4,10,Tersedia,Bandung,3,200,Tidak
Pakaian,BrandA,486391,81,0,Tersedia,Surabaya,3,176,Ya
Makanan,BrandA,1096520,96,30,Tersedia,Jakarta,5,127,Tidak
Pakaian,BrandD,174258,93,30,Tersedia,Jakarta,1,941,Tidak
Elektronik,BrandC,1795324,87,10,Tersedia,Bandung,5,876,Tidak
Makanan,BrandD,804918,8,0,Tersedia,Surabaya,2,247,Ya
Minuman,BrandC,1543990,73,0,Tersedia,Jakarta,4,592,Ya
Pakaian,BrandA,119223,83,30,Tersedia,Surabaya,4,852,Ya
Elektronik,BrandB,683452,34,10,Tersedia,Jakarta,5,436,Ya
Makanan,BrandA,1253873,10,0,Tersedia,Jakarta,4,222,Ya
Elektronik,BrandD,712404,36,20,Tersedia,Bandung,3,488,Tidak
Elektronik,BrandC,1007559,44,30,Tersedia,Jakarta,1,725,Tidak
Makanan,BrandA,1869222,60,30,Tersedia,Bandung,2,537,Ya
Minuman,BrandA,413777,4,30,Tersedia,Bandung,1,350,Ya
Minuman,BrandB,1850570,37,30,Tersedia,Jakarta,5,98,Tidak
Pakaian,BrandD,1610660,87,30,Tersedia,Bandung,3,644,Tidak
Elektronik,BrandD,1987298,69,0,Tersedia,Jakarta,3,375,Tidak
Elektronik,BrandA,1128599,67,20,Tersedia,Jakarta,5,713,Ya
Minuman,BrandD,699405,4,10,Tersedia,Surabaya,1,459,Tidak
Elektronik,BrandA,1868796,26,0,Tersedia,Jakarta,3,732,Ya
Minuman,BrandA,1505639,42,10,Tersedia,Surabaya,2,230,Ya
Minuman,BrandB,1415176,31,10,Tersedia,Surabaya,4,348,Ya
Makanan,BrandC,381054,78,30,Tersedia,Jakarta,1,111,Ya
Elektronik,BrandA,216301,46,20,Tersedia,Bandung,1,820,Tidak
Elektronik,BrandD,1183518,87,0,Tersedia,Surabaya,4,386,Ya
Elektronik,BrandB,1544216,83,20,Tersedia,Jakarta,3,870,Ya
Pakaian,BrandD,1025616,29,20,Tersedia,Bandung,4,39,Ya
Pakaian,BrandC,1853043,100,0,Tersedia,Bandung,3,291,Tidak
Pakaian,BrandB,1947763,41,10,Tersedia,Bandung,4,659,Ya
Pakaian,BrandC,262070,44,20,Tersedia,Jakarta,1,410,Tidak
Makanan,BrandA,1168428,84,30,Tersedia,Jakarta,2,565,Ya
Elektronik,BrandA,231873,68,0,Tersedia,Bandung,1,211,Tidak
Pakaian,BrandA,1178043,60,30,Tersedia,Jakarta,4,950,Ya
Minuman,BrandA,200951,15,20,Tersedia,Surabaya,5,76,Tidak
Pakaian,BrandD,1075609,6,30,Tersedia,Jakarta,1,449,Tidak
Minuman,BrandB,1628825,95,30,Tersedia,Surabaya,2,872,Tidak
Makanan,BrandA,212957,51,0,Tersedia,Bandung,3,677,Tidak
Minuman,BrandA,1901356,7,30,Tersedia,Jakarta,4,849,Ya
Minuman,BrandC,1786963,92,30,Tersedia,Bandung,3,552,Tidak
Makanan,BrandB,143529,17,10,Tersedia,Surabaya,4,413,Tidak
Makanan,BrandB,1751350,93,10,Tersedia,Jakarta,1,106,Tidak
Makanan,BrandB,411641,60,0,Tersedia,Surabaya,5,261,Ya
Minuman,BrandA,370479,7,30,Tersedia,Surabaya,1,770,Tidak
Minuman,BrandA,260156,55,30,Tersedia,Surabaya,1,877,Tidak
Elektronik,BrandA,1966616,28,0,Tersedia,Bandung,2,439,Tidak
Makanan,BrandB,616930,23,0,Tersedia,Bandung,1,256,Ya
Makanan,BrandD,843547,97,0,Tersedia,Surabaya,4,908,Tidak
Elektronik,BrandA,1615485,67,20,Tersedia,Jakarta,3,928,Ya
Minuman,BrandC,1523348,41,0,Tersedia,Bandung,5,530,Tidak
Makanan,BrandB,1653049,9,10,Tersedia,Jakarta,4,472,Ya
Makanan,BrandC,1698952,7,10,Tersedia,Jakarta,3,469,Ya
